ID;Country name;Year;Population;Population at age 1;Population aged 1 to 4 years;Population aged 5 to 9 years;Population aged 10 to 14 years;Population aged 15 to 19 years;Population aged 20 to 29 years;Population aged 30 to 39 years;Population aged 40 to 49 years;Population aged 50 to 59 years;Population aged 60 to 69 years;Population aged 70 to 79 years;Population aged 80 to 89 years;Population aged 90 to 99 years;Population older than 100 years
1;Afghanistan;1980;12486640;492906;1805180;1847335;1534120;1269879;1899019;1405961;986723;655394;362639;140796;24767;996;4
2;Afghanistan;1981;11155196;440721;1616613;1659830;1379539;1140996;1701347;1239538;873502;581731;321162;124289;21928;899;4
3;Afghanistan;1982;10088290;398111;1463627;1509932;1256685;1039023;1542984;1106752;782830;522081;287538;110761;19582;818;4
4;Afghanistan;1983;9951447;392232;1443545;1496584;1248314;1032097;1525986;1079596;766718;510937;280692;107471;19007;804;4
5;Afghanistan;1984;10243689;403498;1484312;1547077;1295626;1070768;1574663;1099034;784629;521129;285519;108244;19079;816;5
6;Afghanistan;1985;10512220;413810;1520449;1593531;1341882;1108368;1619447;1114990;801365;529081;289078;108084;18904;816;4
7;Afghanistan;1986;10448447;414534;1513104;1584431;1341839;1109907;1613642;1094610;792992;520600;284558;105327;18280;798;3
8;Afghanistan;1987;10322767;415915;1505202;1560683;1329390;1102716;1599276;1068461;779333;509924;279622;102922;17739;782;3
9;Afghanistan;1988;10383459;423238;1530231;1563028;1337392;1113583;1614350;1064658;777682;508570;280127;102862;17637;779;3
10;Afghanistan;1989;10673172;439291;1592749;1599499;1370701;1147185;1665396;1087270;791420;518017;287015;105597;18079;805;4
11;Afghanistan;1990;10694804;444466;1615906;1600229;1367168;1150387;1674244;1086889;781368;513805;286235;105655;18106;810;4
12;Afghanistan;1991;10745168;450627;1641122;1612946;1364664;1154411;1686921;1090640;771828;510691;286200;106113;18237;817;5
13;Afghanistan;1992;12057436;510538;1859106;1821630;1519571;1291845;1896301;1220241;854285;567558;320029;119552;20647;927;5
14;Afghanistan;1993;14003764;598419;2178917;2131706;1750497;1493851;2204858;1414071;979227;654077;370461;139818;24288;1090;5
15;Afghanistan;1994;15455560;666344;2428511;2374315;1915866;1638070;2434822;1557323;1065382;716780;406967;155430;27183;1220;5
16;Afghanistan;1995;16418911;713509;2605761;2547224;2023267;1726358;2585793;1651273;1114622;756733;429773;166180;29271;1310;5
17;Afghanistan;1996;17106600;746659;2738337;2679780;2105046;1781850;2691153;1718346;1143449;783973;445120;174237;30925;1383;6
18;Afghanistan;1997;17788818;776843;2864862;2814884;2195903;1833689;2793223;1786543;1171851;810233;460208;182209;32588;1455;7
19;Afghanistan;1998;18493134;804962;2987262;2958061;2298750;1886774;2895755;1858674;1203841;835289;475404;190189;34295;1530;8
20;Afghanistan;1999;19262854;833259;3110138;3115077;2417339;1947642;3005470;1939081;1243174;861139;491689;198751;36187;1619;8
21;Afghanistan;2000;19542986;839897;3145678;3193336;2478607;1964708;3036332;1971689;1256153;861541;495073;202165;37212;1674;9
22;Afghanistan;2001;19688634;838798;3152387;3246270;2525229;1978811;3042963;1992112;1263743;854291;494970;204078;38010;1721;10
23;Afghanistan;2002;21000258;885718;3339705;3483237;2724197;2120744;3227457;2131886;1346252;899545;524785;218247;41164;1879;11
24;Afghanistan;2003;22645136;945466;3574724;3767418;2972011;2305766;3461165;2307019;1451498;958962;563715;236002;45091;2075;11
25;Afghanistan;2004;23553554;970869;3684731;3922314;3130729;2425646;3581266;2409322;1511624;986258;585104;246037;47662;2212;11
26;Afghanistan;2005;24411196;986490;3763028;4043534;3272820;2547608;3727055;2523660;1575352;1011252;605784;255379;50590;2739;46
27;Afghanistan;2006;25442946;1005182;3854095;4181472;3431779;2687976;3914320;2660941;1654321;1043980;631641;266723;53964;3254;94
28;Afghanistan;2007;25903306;1024331.06;3920887;4301582;3572618;2767018;3887486;2665261;1679259;1053907;647232;273486;54541;2286;83
29;Afghanistan;2008;26427204;1046121;3993174;4418640;3713525;2873516;3902988;2681562;1712803;1069373;663147;281355;55901;1831;75
30;Afghanistan;2009;27385310;1035738.06;4052182;4538281;3861384;3044384;4101544;2794163;1791500;1106513;685796;293032;59609;2388;80
31;Afghanistan;2010;28189672;1029912;4083462;4644058;3997239;3197998;4251221;2867453;1856373;1142218;702472;302999;62335;2353;53
32;Afghanistan;2011;29249156;1059168;4128714;4755318;4134283;3379437;4512670;2993785;1947711;1191836;722124;315243;66231;3121;81
33;Afghanistan;2012;30466484;1081162;4173044;4872390;4270100;3566275;4843970;3150892;2055972;1248383;746009;329136;70666;4034;138
34;Afghanistan;2013;31541216;1116236;4255559;4953291;4396291;3719685;5127008;3271551;2151165;1300465;767896;342330;74168;4193;142
35;Afghanistan;2014;32716214;1159612;4386051;5014332;4517410;3872794;5455663;3414055;2257469;1358824;792007;357229;78140;4673;153
36;Afghanistan;2015;33753500;1187761;4509661;5083265;4625310;3998778;5732466;3529267;2350849;1413659;814056;371848;81378;4628;133
37;Afghanistan;2016;34636212;1216903;4637972;5142552;4729549;4102738;5948136;3617735;2428714;1464517;833677;385801;83944;4140;72
38;Afghanistan;2017;35643420;1238498;4760096;5212487;4840593;4222210;6206481;3741917;2517748;1523369;856795;401322;87484;4236;40
39;Afghanistan;2018;36686788;1252219;4857089;5334330;4920408;4343114;6468908;3881454;2608343;1586312;883719;416827;91481;4513;23
40;Afghanistan;2019;37769496;1274592;4948706;5487694;4978536;4461340;6738758;4039411;2701018;1653460;914688;431683;95602;4901;14
41;Afghanistan;2020;38972236;1299717;5036426;5647052;5050775;4584023;7049695;4238417;2804197;1726474;949111;442845;99060;5458;32
42;Afghanistan;2021;40099460;1323766;5121872;5807514;5114941;4694495;7322711;4436619;2897810;1796991;981861;449495;100923;5507;39
43;China;1980;982372500;19591538;78924110;125163440;130068030;108820630;176657900;114942190;90956970;68273990;43457876;20202970;4012883;160135;259
44;China;1981;997259500;20469876;78415800;118465230;131685650;120167740;173966240;120990700;92107970;69904540;44745780;20805112;4302269;172619;312
45;China;1982;1013483200;21275850;79903550;111762130;133147890;126536290;174000300;128283530;93157280;71609620;46027656;21380908;4618543;189646;361
46;China;1983;1029226900;22609908;83454760;105145500;132674104;126897224;180377330;136472830;93644420;73648360;47247964;22081938;4957842;211922;407
47;China;1984;1044172200;22170598;86031950;100226100;129449224;127348690;188203100;144521740;94070230;75633980;48564936;22941988;5304626;236275;449
48;China;1985;1060240000;21411076;86970080;98163520;124123410;129129790;194187550;152767620;94904570;77447800;50026668;23819390;5642843;261966;499
49;China;1986;1077770500;22556924;88252040;98506410;117528130;130775100;200346600;159982290;96371944;79387680;51376780;24658914;5975196;288736;571
50;China;1987;1096851800;24066978;89716420;101332800;110920200;132261070;205163680;166758930;98643340;81210300;52741540;25518572;6285254;317466;666
51;China;1988;1115889800;25709074;93243740;104436340;104389610;131812060;211527250;172247630;101766980;82643190;54423480;26342320;6600853;349307;782
52;China;1989;1134414700;25828650;97620584;106250540;99530950;128605144;222264200;174001020;105858870;83733370;56158640;27166240;6950283;381294;890
53;China;1990;1153704200;25618434;100647470;108319470;97504290;123313520;234842450;172757040;111159770;84721896;57827464;28144364;7278040;417643;994
54;China;1991;1170626200;26489046;103050700;111073610;97861140;116755230;247549340;170047870;117098900;85918400;59426390;29226464;7540438;459184;1107
55;China;1992;1183813400;24360102;101695130;114123470;100677570;110157920;255108640;169950160;124213480;87011064;61075660;30311576;7805936;502745;1266
56;China;1993;1195855600;20963850;96840264;117719120;103773816;103650600;254872600;176089000;132191490;87595910;63042668;31422880;8173116;552154;1516
57;China;1994;1207286700;19739314;91000650;121857120;105597760;98840100;252104540;183689970;140038380;88140050;64985572;32662748;8635105;601884;1837
58;China;1995;1218144400;18957998;83542140;125737630;107671550;96853770;248607740;189492400;148078060;89075980;66784236;34021360;9113394;648998;2209
59;China;1996;1228298900;18356792;77602840;126038930;110422790;97235090;243722580;195456350;155101620;90613270;68665240;35271908;9577981;693694;2602
60;China;1997;1237801500;17751374;74430780;121384020;113472000;100075900;238706050;200129890;161710380;92914990;70422456;36513230;10046011;732476;3007
61;China;1998;1246836100;17132178;71859210;115421320;117064900;103194270;231900500;206381170;167088740;96033896;71858640;37996340;10515398;775668;3482
62;China;1999;1255433200;16627039;69559740;108913420;121193070;105033870;224062220;217023650;168850430;100086690;72992456;39508670;11003542;825231;3930
63;China;2000;1264099100;16272078;67501320;100971690;125060080;107109140;216939570;229473490;167662060;105304550;74041500;40979988;11580173;871385;4412
64;China;2001;1272739600;16504602;66279056;94534340;125371990;109858810;210932140;242089540;165059740;111161350;75318190;42441000;12252803;918870;5066
65;China;2002;1280926100;16432287;65603056;90825510;120758540;112906190;207366780;249764140;165111330;118169050;76526730;43944516;12953714;975971;5795
66;China;2003;1288873300;15941954;64939184;87817340;114842560;116489660;204135650;249762200;171299090;125976100;77291830;45672020;13678091;1051991;6529
67;China;2004;1296816800;15847474;64533744;85224290;108383420;120607820;201279420;247193010;178882830;133618504;78029630;47389816;14501117;1147519;7205
68;China;2005;1304887600;15961138;64009920;83451020;100495810;124467580;201447650;243873580;184690400;141432370;79124600;48991230;15384249;1245451;7827
69;China;2006;1313086600;16212596;63808504;82199200;94103380;124782720;204626030;239191550;190658290;148266340;80780800;50621548;16185530;1342217;8424
70;China;2007;1321513200;16462332;64343612;81071880;90427030;120192800;210535280;234357310;195349120;154702620;83132330;52135990;16971346;1442266;8976
71;China;2008;1330167200;16794598;65300510;80348190;87443600;114303770;217236350;227723340;201566620;159939630;86203600;53400570;17866204;1541016;9623
72;China;2009;1339125600;17238374;66586784;80088536;84869240;107879140;223209570;220077840;212075740;161669870;90111330;54429680;18768852;1650152;10480
73;China;2010;1348191400;17656346;68042904;79851380;83113704;100046140;229212830;213191580;224373580;160556350;95119544;55423948;19666476;1786598;11366
74;China;2011;1357095400;17756496;69349896;79935130;81880530;93710500;232384540;207425310;236830530;158076880;100723976;56607960;20534714;1938457;12194
75;China;2012;1366560800;17649618;70215650;80835544;80773660;90079140;230966140;204071400;244454220;158212370;107359790;57742904;21402404;2093447;13252
76;China;2013;1376100400;18306778;71291670;82269350;80073820;87133090;228786540;201056450;244604130;164348510;114687096;58587190;22418344;2262146;14898
77;China;2014;1385189600;18534124;72174160;84001170;79837030;84582780;226577490;198396600;242242960;171840160;121816216;59459556;23460738;2463391;17082
78;China;2015;1393715500;18289730;72710780;85576510;79620270;82839200;222683760;198724140;239132460;177613740;129087170;60647940;24450076;2679226;19410
79;China;2016;1401889700;17902850;72967656;86791300;79722940;81616056;216756510;202036690;234684880;183528620;135429700;62313820;25423880;2866068;21892
80;China;2017;1410276000;17703608;72368790;88324480;80637200;80517490;208634610;208031310;230065550;188190560;141389800;64522396;26299732;3043048;24671
81;China;2018;1417069400;18200252;72037330;89635310;82080360;79819810;199880270;214792960;223686300;194340140;146260270;67315700;27084496;3254925;27708
82;China;2019;1421864100;16830034;70577890;90280870;83819590;79582520;190966400;220799340;216321810;204606580;147854220;70796700;27776648;3474607;31337
83;China;2020;1424929800;14956799;67637050;90440720;85405250;79383550;181492180;226808160;209688720;216551100;146768820;75205304;28458652;3692031;35944
84;China;2021;1425893500;13346962;63287764;90508240;86629944;79508270;174028860;229977170;204141890;228613400;144414740;80093240;29252108;3894913;40972
85;France;1980;53713836;727534;2895497;4181311;4182328;4269379;8401295;7272483;6246357;6248016;4053634;3679424;1369217;155418;1992
86;France;1981;54016748;755843;2938061;4055163;4200569;4287001;8379981;7593852;6106136;6236924;4154745;3702550;1420714;160356;2127
87;France;1982;54319652;776885;3002757;3912324;4246835;4291884;8371726;7891916;5986697;6232357;4241562;3720543;1476967;166238;2288
88;France;1983;54592384;773827;3055739;3793891;4288587;4277354;8382118;8132085;5932077;6225410;4304633;3748908;1528575;172491;2421
89;France;1984;54845984;746392;3073886;3720185;4288799;4252422;8413491;8339779;5915741;6210823;4369849;3772992;1575441;179644;2570
90;France;1985;55108104;728746;3046300;3723415;4226626;4243779;8438192;8540787;5917922;6184490;4516926;3719382;1622737;186783;2761
91;France;1986;55371640;736391;3004785;3785759;4102519;4263977;8454269;8639225;6036258;6140987;4772542;3560869;1666171;195296;2912
92;France;1987;55641536;744447;2973945;3844771;3961077;4310054;8455651;8621670;6279457;6096193;5045636;3385259;1711513;207187;3097
93;France;1988;55911476;744375;2970621;3865362;3843514;4349405;8445324;8578372;6554924;6045291;5293197;3237098;1763572;220065;3360
94;France;1989;56169944;739724;2980808;3858961;3769191;4344593;8434315;8532896;6836476;5992282;5503641;3124860;1816217;233345;3639
95;France;1990;56412896;737090;2981086;3831675;3768527;4276161;8430044;8491928;7134887;5910674;5601357;3135661;1865853;247323;3851
96;France;1991;56645216;732317;2968604;3791450;3825072;4145915;8443599;8463721;7453161;5789178;5603664;3255123;1908036;264101;4090
97;France;1992;56864050;728173;2952283;3755277;3877637;3999024;8471000;8444587;7747731;5686671;5609715;3361632;1951361;283654;4415
98;France;1993;57053730;717941;2930623;3743870;3892018;3877033;8472545;8442541;7986494;5645466;5612861;3447470;2000159;301589;4779
99;France;1994;57230064;695378;2889469;3749662;3881439;3798946;8422249;8462223;8192978;5640376;5609041;3532789;2045627;319081;5220
100;France;1995;57420356;680305;2838278;3745557;3853113;3794746;8329185;8476355;8392840;5652479;5595028;3674887;2035631;337194;5646
101;France;1996;57623180;688955;2799774;3731623;3814935;3848902;8207492;8484163;8493548;5776585;5565458;3891217;1949223;353564;6095
102;France;1997;57839364;700319;2782763;3709539;3783897;3900981;8100175;8480749;8483164;6021825;5535060;4114463;1851109;368786;6612
103;France;1998;58080344;700143;2788147;3670927;3780436;3918027;8016776;8470180;8450250;6297660;5500702;4314009;1773651;385080;7111
104;France;1999;58352210;707487;2816281;3620787;3796691;3913953;7939719;8463468;8418195;6579120;5466545;4483336;1722816;401767;7630
105;France;2000;58665456;722141;2850765;3584566;3805929;3895612;7881762;8467780;8393734;6877196;5408378;4571444;1763415;418515;8219
106;France;2001;59014776;738394;2890038;3563812;3807286;3869986;7827720;8495920;8383895;7195075;5315273;4593028;1882538;433883;8921
107;France;2002;59372784;747634;2938434;3552676;3800268;3852959;7758136;8543850;8385237;7491713;5240142;4618909;1991139;449401;9672
108;France;2003;59728260;740433;2972238;3570685;3774430;3863814;7679036;8570382;8406637;7736352;5221621;4640844;2082875;464347;10176
109;France;2004;60108436;734915;2985587;3618808;3732804;3893452;7619543;8549933;8452864;7951263;5237090;4660227;2176894;481790;10800
110;France;2005;60510080;737383;2984705;3674302;3700743;3913400;7612566;8491911;8495596;8160079;5267784;4675381;2297493;481916;11693
111;France;2006;60919150;742357;2979095;3726173;3681180;3921357;7649557;8407659;8531526;8272589;5402953;4678956;2445756;454964;12644
112;France;2007;61329380;754450;2992507;3769647;3668782;3916308;7686968;8336633;8553796;8276340;5652649;4682187;2591438;429023;13698
113;France;2008;61721004;758952;3016078;3798858;3683903;3886539;7711808;8285594;8565454;8255535;5929309;4679637;2718831;414592;14791
114;France;2009;62093300;759476;3037781;3814064;3729593;3834116;7727533;8235317;8576615;8232606;6207536;4674500;2828235;413599;15934
115;France;2010;62444570;765191;3060287;3816534;3782182;3786267;7710227;8196547;8594141;8213565;6496584;4645594;2903661;451664;17087
116;France;2011;62775270;769345;3074886;3820925;3830004;3749263;7664043;8153504;8631221;8205797;6799133;4583203;2954501;521116;18229
117;France;2012;63071412;768163;3083512;3836973;3869463;3719600;7604940;8088431;8684612;8206053;7077927;4533525;3003353;581501;19370
118;France;2013;63335180;760489;3083532;3860089;3894446;3719301;7542714;8008660;8713833;8223981;7305766;4531348;3043432;631601;20620
119;France;2014;63588496;753879;3070716;3887494;3905298;3752735;7473834;7943525;8693764;8265532;7502889;4557040;3082690;680166;22139
120;France;2015;63809770;748370;3047842;3915013;3902881;3796374;7401183;7925510;8634157;8302788;7690577;4592034;3114581;725711;21811
121;France;2016;63989320;736757;3014430;3928860;3901978;3839237;7331008;7947121;8546832;8331998;7787544;4718244;3134710;767468;19402
122;France;2017;64144092;717809;2969831;3928723;3914075;3877091;7259390;7966253;8471611;8347548;7783583;4947096;3153106;803037;17554
123;France;2018;64277812;702461;2916843;3919423;3934996;3901694;7199079;7969163;8417013;8352976;7758035;5198524;3166794;833226;17093
124;France;2019;64399760;690298;2857635;3896919;3961496;3912698;7159861;7959632;8364406;8359762;7733994;5449990;3179910;861741;17922
125;France;2020;64480052;681308;2801423;3857909;3988746;3910140;7147821;7915512;8324723;8375288;7716794;5702297;3164882;883364;21595
126;France;2021;64531450;667127;2750145;3801478;4001904;3908921;7156695;7841917;8283380;8411901;7712098;5955078;3121715;901539;26912
127;Germany;1980;77786696;798837;3133519;4309290;6028709;6562201;11479279;10259139;11000105;9109485;6855761;6181393;1894789;148509;1163
128;Germany;1981;77684490;821758;3187826;4061688;5734326;6600024;11664829;10028304;11294402;9056747;6871991;6214906;1971911;155424;1250
129;Germany;1982;77610424;840063;3249779;3907793;5391902;6584503;11888888;9960366;11481679;8986070;6859107;6240891;2055138;163247;1337
130;Germany;1983;77566060;839739;3304552;3861952;5005496;6500957;12145417;10004498;11592972;8949358;6793459;6273105;2134131;172198;1432
131;Germany;1984;77568580;827457;3339503;3885097;4632073;6342206;12425691;10071376;11617046;9032914;6733497;6279558;2214027;182750;1563
132;Germany;1985;77638810;813088;3337944;3957563;4324060;6119689;12704960;10306900;11379660;9220364;6801139;6185508;2295059;193760;1719
133;Germany;1986;77803350;813497;3319109;4056178;4092201;5851394;12975947;10660457;11027437;9430567;7046127;5938002;2368605;205410;1863
134;Germany;1987;78090900;834215;3321643;4147181;3960057;5535964;13214792;10964358;10768400;9662993;7381887;5604562;2448649;218667;2036
135;Germany;1988;78477530;864629;3365248;4221039;3938501;5174095;13394244;11234563;10556620;9910590;7761383;5266158;2533886;233950;2252
136;Germany;1989;78916440;890572;3446704;4272191;3987031;4819420;13480628;11494929;10343115;10213511;8054207;5039869;2617504;249449;2477
137;Germany;1990;79370190;901288;3536259;4297440;4083880;4523241;13444240;11760409;10144293;10561085;8155378;5013348;2689650;263123;2652
138;Germany;1991;79801980;901249;3603877;4318449;4202530;4298924;13292238;12063122;9997218;10897575;8141514;5094471;2743777;278595;2835
139;Germany;1992;80205020;872770;3611769;4362421;4307601;4170513;13018874;12401539;10007764;11130088;8105275;5157730;2805292;297844;3077
140;Germany;1993;80573496;830389;3549605;4435579;4389593;4148876;12609837;12763510;10125883;11283083;8093138;5176059;2873936;316078;3337
141;Germany;1994;80882120;809519;3454072;4523180;4442440;4195223;12111712;13128833;10258015;11345715;8186540;5191519;2924023;334264;3617
142;Germany;1995;81123260;787178;3334183;4600728;4461626;4285825;11588427;13458405;10545730;11143179;8376693;5292833;2912128;354318;3910
143;Germany;1996;81300860;768944;3223708;4620983;4466864;4392416;11069300;13734278;10932741;10810886;8585217;5506271;2803800;374270;4223
144;Germany;1997;81436100;779158;3167320;4560753;4486827;4479016;10581251;13936392;11243744;10554736;8811392;5772194;2643902;396396;4544
145;Germany;1998;81524380;800786;3154861;4449534;4531432;4537257;10145765;14048116;11496302;10335951;9053677;6061246;2488599;420719;4902
146;Germany;1999;81556970;799062;3164057;4306216;4588413;4563953;9781947;14045454;11718444;10112093;9344762;6287981;2412676;446099;5287
147;Germany;2000;81551680;782593;3176317;4147326;4637284;4557427;9523302;13908886;11929609;9899507;9671956;6389020;2466494;471309;5739
148;Germany;2001;81514570;770793;3167071;4033315;4634135;4540345;9363932;13652716;12164489;9732601;9982118;6407129;2590440;493709;6311
149;Germany;2002;81443420;750013;3115349;3992045;4557463;4543570;9292466;13279458;12425881;9713303;10183029;6394293;2702417;516040;6900
150;Germany;2003;81346810;725357;3041604;3974456;4437775;4577842;9307798;12786672;12706582;9796535;10298958;6389168;2778933;537240;7383
151;Germany;2004;81266670;710345;2970389;3964964;4293624;4630989;9368304;12229530;12991616;9895963;10334644;6474121;2853173;553457;7895
152;Germany;2005;81212170;702822;2903646;3965046;4139543;4683587;9448326;11677804;13248193;10148587;10131194;6652525;2965178;552143;8540
153;Germany;2006;81177816;692806;2847244;3936553;4035151;4691671;9545123;11162614;13469284;10501467;9814194;6854853;3111985;524805;9300
154;Germany;2007;81183830;678687;2801124;3862857;4006519;4631604;9654471;10706476;13641593;10788653;9577380;7077244;3266928;485559;10151
155;Germany;2008;81217490;678851;2770722;3778194;3999986;4531735;9777997;10321303;13744623;11029618;9380525;7320264;3420036;452511;10940
156;Germany;2009;81260620;685155;2755780;3704096;3999012;4408265;9900034;10018446;13752013;11250971;9186382;7608753;3542182;450459;11703
157;Germany;2010;81325090;679072;2746690;3632274;4006224;4273218;9996018;9826330;13644408;11469375;9010282;7925938;3621667;487380;12443
158;Germany;2011;81423384;679551;2752663;3570044;3983942;4184439;10040483;9734727;13433933;11716524;8879669;8222437;3668615;544085;13095
159;Germany;2012;81545570;685640;2763918;3537529;3916251;4168370;10038352;9729872;13118708;11995107;8884111;8412283;3688365;595826;13829
160;Germany;2013;81680590;690457;2772923;3531520;3839181;4171574;10028232;9808519;12695185;12296412;8980894;8516721;3701192;631314;14591
161;Germany;2014;81858824;700588;2797712;3532086;3774528;4178679;10012822;9928677;12214703;12603515;9093709;8556626;3779556;661072;14905
162;Germany;2015;82073230;719535;2841795;3546944;3714413;4194386;9981782;10066843;11739699;12882301;9343600;8392012;3929426;691411;14271
163;Germany;2016;82331430;744728;2906728;3582204;3669709;4182754;9947313;10220329;11293662;13124249;9679297;8124703;4099406;722168;12850
164;Germany;2017;82624370;776442;2998883;3618567;3659506;4124606;9909096;10382282;10894664;13318739;9954366;7929246;4286628;748882;11252
165;Germany;2018;82896696;797165;3098308;3651130;3674351;4050257;9835303;10550544;10553014;13444570;10187124;7770618;4499123;786402;10745
166;Germany;2019;83148140;793928;3171672;3700201;3689436;3982625;9724119;10705647;10280530;13474592;10404435;7624073;4756267;842846;12441
167;Germany;2020;83328990;787110;3210567;3769228;3709659;3916286;9593300;10821919;10108496;13389920;10619714;7500977;5008141;895398;15809
168;Germany;2021;83408560;776730;3206318;3859741;3740453;3861502;9465635;10874805;10027240;13198720;10854830;7410269;5196098;928096;19855
169;Iraq;1980;13653368;497462;1915163;2139873;1807467;1408255;1906586;1369121;978614;703375;541094;295486;68856;2660;12
170;Iraq;1981;14067267;508632;1955529;2194077;1876554;1516254;1944922;1411749;1003775;713863;544523;301432;72547;3007;12
171;Iraq;1982;14467687;520448.97;1996691;2242755;1942279;1593269;2003320;1462986;1027374;725753;546130;306061;76079;3416;13
172;Iraq;1983;14903738;534105;2045117;2293619;2008216;1654251;2084160;1525616;1053839;741190;547917;310609;79615;3865;15
173;Iraq;1984;15377037;549268;2100511;2346936;2072913;1722170;2173156;1592014;1083397;759035;550303;315467;83059;4307;15
174;Iraq;1985;15753858;563476;2146776;2384164;2118857;1780571;2264303;1636780;1106259;772388;549130;318084;85704;4669;15
175;Iraq;1986;16148228;576375;2196985;2425571;2162425;1840321;2373185;1674119;1129534;787194;548715;320906;88228;5003;15
176;Iraq;1987;16598017;588078;2252481;2478055;2209334;1903959;2513475;1701561;1153828;805188;550208;324883;90788;5310;15
177;Iraq;1988;16987352;597927;2296731;2524766;2246158;1956764;2668974;1699483;1177538;820144;549226;326397;92393;5557;16
178;Iraq;1989;17442600;612338;2344175;2584494;2289158;2012155;2834516;1710903;1209414;838118;550595;326534;93400;5783;17
179;Iraq;1990;17658384;622202;2360820;2607576;2298176;2034211;2959355;1711261;1222844;844459;545558;320403;92489;5908;19
180;Iraq;1991;17846384;633490;2384488;2620929;2302176;2046204;3070401;1714579;1237957;849208;542254;314038;91490;6001;22
181;Iraq;1992;18385682;658087;2467654;2679995;2350519;2091985;3208513;1773763;1287300;871041;553046;315211;92690;6217;26
182;Iraq;1993;19295822;692307;2605710;2792027;2446309;2175050;3389974;1884425;1369722;910988;576623;322881;95850;6604;30
183;Iraq;1994;20248074;724737;2746242;2913784;2551133;2259097;3577558;2002730;1455725;953584;601722;330802;99140;6977;35
184;Iraq;1995;20948856;744856;2844203;3008738;2625874;2313156;3717895;2113596;1514143;984651;619426;334163;101035;7194;37
185;Iraq;1996;21639336;759440;2925784;3116896;2697376;2367411;3851301;2239346;1563840;1014671;637307;337268;102771;7387;39
186;Iraq;1997;22330776;772278;2993761;3235201;2766398;2423779;3977704;2389211;1598912;1042035;655204;340006;104429;7547;41
187;Iraq;1998;23053490;791591;3060854;3360706;2840074;2485659;4100794;2567742;1614111;1074400;673869;343173;105967;7692;42
188;Iraq;1999;23820734;814467;3134101;3486444;2923318;2556666;4222457;2751089;1638044;1112332;694357;348085;107360;7841;44
189;Iraq;2000;24628860;835298;3214386;3603597;3020873;2633850;4344140;2938388;1675824;1150844;716775;355188;108747;8000;46
190;Iraq;2001;25425666;853992;3295584;3702485;3131536;2707760;4460270;3120763;1719736;1193387;739163;363559;109891;8151;48
191;Iraq;2002;26255344;869960;3374902;3798922;3257506;2783380;4580960;3281097;1788567;1247902;762834;373703;110930;8300;51
192;Iraq;2003;27068826;882341;3441375;3891716;3386394;2859098;4696997;3418201;1873285;1309202;786712;384490;111748;8445;53
193;Iraq;2004;27858950;896166;3498637;3979328;3507788;2936968;4807564;3548806;1960045;1369907;810487;395129;112451;8579;54
194;Iraq;2005;28698688;919592;3565272;4075425;3621922;3030479;4926904;3681178;2065683;1423123;836046;406605;113501;8735;55
195;Iraq;2006;28905614;919806;3558241;4082085;3640848;3072475;4936049;3725790;2139985;1436886;842574;409214;112107;8690;55
196;Iraq;2007;28660888;902903;3500664;4016573;3596007;3076963;4867907;3703854;2201559;1413854;833368;405303;108999;8519;56
197;Iraq;2008;29218384;915559;3546912;4054092;3648495;3169258;4944431;3777681;2343707;1410922;850901;412812;109247;8575;56
198;Iraq;2009;30289044;944807;3651577;4161824;3759820;3309295;5120503;3910028;2523099;1439702;886275;427865;111841;8727;56
199;Iraq;2010;31264880;977215;3749868;4251197;3856284;3422961;5290886;4022205;2693895;1473022;916963;441709;114460;8802;57
200;Iraq;2011;32378066;1023884;3883680;4354301;3963880;3531590;5491800;4144803;2870570;1517681;954736;457317;117944;8888;58
201;Iraq;2012;33864452;1092659;4090057;4511858;4104739;3671081;5761827;4311286;3054598;1600561;1012097;478362;123200;9051;59
202;Iraq;2013;35481804;1151055;4327600;4693130;4252063;3822313;6061094;4494845;3233861;1706404;1080611;502074;129282;9255;61
203;Iraq;2014;36746484;1172626;4505904;4833880;4358454;3933352;6302657;4637296;3382712;1800900;1140532;521962;134336;9450;63
204;Iraq;2015;37757812;1180258;4620301;4964718;4436782;4020547;6502214;4753180;3508653;1899716;1185938;539476;138783;9680;65
205;Iraq;2016;38697940;1171893;4668947;5128038;4512977;4103626;6691780;4864839;3627229;2011613;1224148;557066;143598;9938;67
206;Iraq;2017;39621156;1148639;4656889;5311135;4599882;4179805;6886034;4980358;3742498;2146620;1251740;574687;149224;10267;68
207;Iraq;2018;40590700;1127985;4615225;5490843;4700536;4254088;7096042;5111665;3858416;2308464;1265259;597082;155619;10666;70
208;Iraq;2019;41563524;1122649;4559667;5646594;4808317;4331159;7302078;5256217;3968355;2472010;1285298;622592;162376;11113;72
209;Iraq;2020;42556988;1134617;4526072;5757817;4942814;4413180;7503932;5419920;4075510;2634585;1311032;642735;166401;11254;71
210;Iraq;2021;43533590;1148369;4526592;5791566;5113145;4496119;7689413;5597762;4179405;2792014;1340437;662838;168909;11221;70
211;Lebanon;1980;2963707;85245;326763;378463;356352;335331;549552;303811;245760;189139;108791;63112;16864;1319;9
212;Lebanon;1981;3027229;87084;334142;381461;359988;339648;563525;324336;245767;196169;108612;64837;16910;1330;9
213;Lebanon;1982;3070139;88118;338350;383878;362641;341703;573146;343591;244011;200335;107904;65623;16649;1319;8
214;Lebanon;1983;3106996;88644;341527;386590;364808;342546;580748;362186;241873;202986;108224;66325;16475;1309;8
215;Lebanon;1984;3163561;90251;347796;391773;367776;344636;590867;382802;241674;206368;111270;67728;16779;1323;8
216;Lebanon;1985;3226746;91850;354753;399445;370700;347826;601479;404389;242838;209518;115820;68390;17187;1330;8
217;Lebanon;1986;3308021;92712;362189;410565;375580;353341;614638;428316;246476;213183;122330;68667;17744;1338;8
218;Lebanon;1987;3390870;93186;367663;421110;381750;359382;628119;452681;251664;216300;130169;68001;18267;1337;8
219;Lebanon;1988;3457153;93326;369250;429169;386857;363757;638553;474229;258002;217701;138069;66371;18681;1326;8
220;Lebanon;1989;3525517;94371;370949;437664;392866;367607;647565;493980;267072;218614;145893;65471;19327;1335;8
221;Lebanon;1990;3593705;96600;375061;444896;400426;370360;655108;509334;281150;219087;152990;65703;20165;1363;8
222;Lebanon;1991;3666735;97556;380180;450538;409364;373510;664464;522499;300553;219744;159503;66747;21181;1405;9
223;Lebanon;1992;3745410;96649;384064;455412;418144;378461;675930;537182;321732;220866;165458;68611;22400;1458;9
224;Lebanon;1993;3818800;95244;384929;459385;426527;383965;686405;551659;343332;221980;170408;71208;23547;1518;10
225;Lebanon;1994;3888152;93472;381613;463799;434989;390031;695888;565750;365413;223430;174640;74622;24357;1584;10
226;Lebanon;1995;3959642;91695;375916;469300;442585;398046;705312;579925;388325;225903;178542;78875;24785;1656;10
227;Lebanon;1996;4034250;90250;370002;474196;448873;407594;715373;594061;411904;229675;182113;84005;24900;1738;10
228;Lebanon;1997;4107559;89600;364648;477076;453992;416587;726568;607540;435450;234732;185210;89994;24688;1824;10
229;Lebanon;1998;4178786;89031;360250;476832;458499;425451;738481;620409;458019;241976;187801;96445;24337;1921;10
230;Lebanon;1999;4250024;88178;356758;472584;463750;434693;750800;632990;479566;252003;189932;102716;24328;2044;11
231;Lebanon;2000;4320650;87683;354217;465769;469595;442619;763601;645251;497686;267130;191733;108495;24909;2192;12
232;Lebanon;2001;4389201;87254;351795;458955;474165;448605;776869;657019;512356;286776;193290;113781;25995;2376;13
233;Lebanon;2002;4446663;86817;348873;451737;475611;452378;788753;666966;525834;306780;194446;118391;27561;2599;14
234;Lebanon;2003;4504807;86375;346707;445427;474206;455782;801716;676745;539758;327579;195957;122674;29648;2841;16
235;Lebanon;2004;4574799;85681;345356;441687;470150;461198;818067;687875;555153;349929;198505;126983;32206;3046;18
236;Lebanon;2005;4643052;84566;343231;438985;463547;467209;834627;698218;570067;372770;201773;130971;35045;3189;20
237;Lebanon;2006;4719874;83532;340777;437684;458130;473112;852169;709855;585538;396729;206454;134979;38290;3294;22
238;Lebanon;2007;4809608;83216;338726;437938;454693;478441;870588;724750;602157;421929;212973;139156;42007;3366;26
239;Lebanon;2008;4887615;83019;336061;437147;450749;479588;886550;738887;616960;445505;221127;142779;45865;3425;30
240;Lebanon;2009;4951138;82844;333316;434298;446538;475120;900763;751023;629503;466804;231191;145643;49576;3583;34
241;Lebanon;2010;4995799;83308;331300;428789;441559;466126;910537;760518;639090;482865;245028;147580;52899;3881;40
242;Lebanon;2011;5045061;85193;332458;422927;437295;457574;917870;771098;648690;495978;263235;149419;56064;4308;49
243;Lebanon;2012;5178338;89106;342354;423802;440542;457266;937134;794802;668667;517186;286655;153700;59967;4925;58
244;Lebanon;2013;5678859;98634;378819;454789;474724;489487;1018915;875730;735703;575629;331734;169028;68052;6028;73
245;Lebanon;2014;6274345;109053;422433;494295;515212;529796;1113057;972735;814540;644437;384788;187570;77367;7366;89
246;Lebanon;2015;6398941;112897;442512;511131;522259;532036;1101567;983983;827265;663768;412924;196446;82530;8455;99
247;Lebanon;2016;6258628;112888;449321;524112;516951;517887;1027835;938391;798821;653838;423343;202449;85845;9467;107
248;Lebanon;2017;6109255;108980;447003;539868;515996;508860;961027;886879;765412;643179;427965;210002;89094;10554;114
249;Lebanon;2018;5950842;102274;434709;554786;520107;503718;903472;829793;726674;631631;426842;218909;92143;11675;121
250;Lebanon;2019;5781912;95227;414623;565155;529560;501731;857689;767250;682780;618475;420505;228353;94628;12711;134
251;Lebanon;2020;5662924;86963;387815;565237;538523;498267;828267;722523;655725;614428;421712;236661;95644;13280;139
252;Lebanon;2021;5592626;83097;361363;554694;544764;493116;809035;697026;648423;618588;432047;242409;94103;13156;130
253;Russia;1980;138257420;2123773;8460410;10079933;9224946;11524385;25125840;16446434;19880330;16724426;10053673;6705622;1669848;202476;4875
254;Russia;1981;139002880;2142050;8505973;10263784;9249726;10857070;25366962;16681160;19821360;17467184;9740018;6909565;1739504;201698;5031
255;Russia;1982;139848000;2181608;8583057;10383978;9418695;10238815;25472284;17421924;19448048;17956444;9512569;7127146;1814873;203210;5226
256;Russia;1983;140854110;2249865;8716570;10493088;9649434;9727985;25467516;18764522;18652852;18096902;9460388;7316198;1904631;205287;5455
257;Russia;1984;141892540;2382253;8973743;10591783;9889697;9407690;25207832;20367544;17881240;17884436;9586783;7469148;1990177;204915;5516
258;Russia;1985;142896380;2423825;9250568;10671714;10124854;9308274;24720440;21908488;17133044;17698390;9905903;7524852;2063519;203761;5518
259;Russia;1986;144046480;2372090;9443101;10766081;10304080;9381475;24202232;22956488;16620172;17639538;10567923;7392579;2149314;204734;5673
260;Russia;1987;145312020;2412443;9619534;10916782;10417228;9602702;23588908;23612252;16267025;17730386;11478300;7154748;2250580;207047;6004
261;Russia;1988;146464380;2466425;9723021;11193780;10527382;9875271;22854512;24227516;15838273;17911228;12388354;6967635;2349480;206940;6220
262;Russia;1989;147341500;2390363;9681561;11492476;10643007;10083656;22088876;24658732;15653587;18062738;13227574;6858245;2448512;209973;6223
263;Russia;1990;148005700;2213184;9498427;11724391;10745957;10235835;21341228;24984132;15784656;18133156;14037498;6690701;2559415;220438;6119
264;Russia;1991;148455410;2043222;9130288;11978675;10860160;10371905;20653748;25282288;16087405;18126636;14673951;6508525;2671279;230904;5896
265;Russia;1992;148725600;1872263;8549295;12223508;11036985;10480586;20166296;25380678;16845382;17799996;15090556;6398022;2810949;241177;5485
266;Russia;1993;148897280;1687472;7855713;12253162;11358705;10611334;19873086;25341268;18141808;17081020;15177158;6416320;2937572;253396;4654
267;Russia;1994;148829120;1573149;7213972;12055143;11719678;10761563;19748080;25061110;19659004;16331417;14896155;6546930;3006361;261876;3650
268;Russia;1995;148557460;1535674;6690659;11733204;11996825;10897647;19827124;24542804;21086398;15577864;14621147;6781345;2998474;265503;3090
269;Russia;1996;148233400;1506402;6295289;11197275;12269694;11038036;20027154;23979904;22026808;15052203;14481369;7214537;2887165;270894;2909
270;Russia;1997;147939970;1457476;6018117;10425770;12513407;11246669;20319542;23331880;22603440;14706352;14525390;7794100;2733002;280301;2834
271;Russia;1998;147672720;1402825;5813206;9581784;12517100;11606076;20681802;22616100;23140538;14320745;14684302;8374541;2634687;290979;2827
272;Russia;1999;147336380;1372328;5632189;8817669;12299251;12005570;21049798;21917944;23510440;14159011;14817542;8880228;2573066;299052;2930
273;Russia;2000;146844850;1336355;5438706;8158143;11971013;12296950;21386314;21245958;23802084;14260159;14841191;9330746;2468267;307371;3194
274;Russia;2001;146235520;1299148;5265261;7590147;11434471;12565656;21707330;20656204;24097232;14512856;14767823;9633408;2370045;311857;3454
275;Russia;2002;145590140;1286780;5146569;7112399;10660458;12797870;22051900;20248640;24219256;15179427;14436713;9761818;2316367;313631;3716
276;Russia;2003;144946720;1329019;5150600;6831510;9790174;12730595;22485500;19930944;24186616;16306566;13768060;9684058;2341448;318524;3987
277;Russia;2004;144353650;1418776;5319978;6685721;8994960;12426117;22868736;19740560;23890776;17648016;13093060;9425478;2454713;326486;4165
278;Russia;2005;143800050;1467132;5531330;6560019;8309673;12077881;23101778;19766956;23368384;18936966;12469590;9254161;2622832;327283;4264
279;Russia;2006;143338670;1465398;5700735;6519206;7729865;11595324;23340616;19917318;22804780;19797784;12083074;9222611;2851759;311667;4375
280;Russia;2007;143117680;1458653;5812945;6582049;7282136;10910547;23681814;20165112;22172328;20326318;11870581;9364951;3122839;288193;4598
281;Russia;2008;143086540;1528112;5917019;6721726;6994767;10112238;24002516;20481542;21492380;20800810;11632380;9597984;3396614;281553;4793
282;Russia;2009;143163650;1641717;6095804;6898397;6801221;9318374;24217406;20818094;20832420;21132046;11593694;9806927;3643237;284741;4906
283;Russia;2010;143242600;1685822;6303341;7065413;6653617;8612616;24268580;21142410;20208146;21424150;11785681;9948257;3852516;278591;5226
284;Russia;2011;143364540;1668136;6499747;7200706;6598440;7975199;24132906;21432606;19673740;21730416;12101482;10009806;4000371;281094;5601
285;Russia;2012;143629360;1720826;6699955;7364947;6641938;7423343;23782700;21710592;19320184;21867882;12728263;9863205;4082171;296922;6053
286;Russia;2013;143956860;1839747;6911491;7567566;6769580;7079427;23068844;22101570;19103064;21902522;13707155;9446475;4074709;326633;6686
287;Russia;2014;144285070;1890093;7125124;7788074;6937711;6863046;22162788;22516606;19030436;21746498;14854053;8992786;3992219;369881;7290
288;Russia;2015;144668380;1899539;7359929;7993923;7101012;6716995;21240816;22889596;19139632;21396672;15934808;8570112;3969867;424170;7604
289;Russia;2016;145109150;1925970;7569173;8257200;7236571;6679797;20234060;23329462;19361686;20991228;16648191;8346436;4044077;491453;7491
290;Russia;2017;145452540;1915105;7646811;8580464;7401921;6739680;19117752;23828160;19654286;20494524;17103934;8289915;4236319;564173;7261
291;Russia;2018;145652290;1790225;7547380;8846678;7604065;6877094;18026568;24259204;19994900;19941164;17539934;8236815;4485800;638491;7899
292;Russia;2019;145742290;1649341;7296986;9073493;7822930;7049208;17031200;24551360;20353018;19397480;17885004;8320116;4701567;705107;8915
293;Russia;2020;145617330;1549234;6920752;9335539;8027034;7211409;16113312;24659044;20691940;18863912;18196218;8514863;4849036;762069;9704
294;Russia;2021;145102750;1465954;6472258;9532623;8288714;7342447;15375599;24553230;20966060;18362988;18450818;8719036;4829658;780686;10597
295;Spain;1980;37491664;606893;2541651;3301057;3303261;3228946;5414028;4684632;4438710;4241077;3010821;2033175;639294;66342;967
296;Spain;1981;37758650;588196;2467168;3306690;3288547;3280095;5523790;4743783;4373254;4319589;3065590;2082346;678069;69711;1080
297;Spain;1982;37982144;560114;2381280;3296102;3275652;3314085;5639656;4828140;4288353;4379294;3134235;2131047;716192;73485;1157
298;Spain;1983;38169764;523201;2275528;3267931;3282432;3315040;5758662;4883575;4237281;4434299;3210990;2172666;756848;77504;1226
299;Spain;1984;38329930;495924;2163442;3216794;3297301;3294798;5892956;4913512;4222021;4473341;3294031;2208898;795201;81316;1285
300;Spain;1985;38471924;475230;2052942;3138624;3314027;3278081;6018642;4940765;4230503;4495759;3381581;2239511;834008;85604;1366
301;Spain;1986;38590810;459492;1957356;3032533;3325003;3270127;6125464;4988358;4233035;4511449;3480028;2260411;872171;90598;1457
302;Spain;1987;38694532;440389;1874477;2907575;3317354;3269914;6206894;5057363;4258835;4500651;3584905;2278491;912593;96058;1577
303;Spain;1988;38781724;424822;1799525;2774699;3290462;3282544;6254365;5122863;4360782;4434320;3689295;2297158;956110;100808;1698
304;Spain;1989;38847320;411940;1728996;2641827;3240778;3303110;6288075;5198755;4496989;4323748;3791977;2319936;998761;105162;1915
305;Spain;1990;38889890;400434;1662062;2517908;3155862;3325181;6320010;5297710;4580222;4240487;3884254;2356209;1037951;112923;2109
306;Spain;1991;38997064;393197;1616451;2404909;3048105;3346952;6379297;5417556;4646930;4176873;3957499;2412301;1073227;122597;2095
307;Spain;1992;39202250;392251;1594839;2305920;2936954;3356519;6470732;5544798;4747979;4108109;4015311;2483205;1109440;132435;2106
308;Spain;1993;39420540;394776;1587810;2220686;2817195;3348337;6554442;5680024;4825131;4076014;4070906;2560151;1144492;143616;2189
309;Spain;1994;39623732;390305;1581273;2150563;2693039;3316166;6618868;5841036;4876818;4080374;4115323;2640293;1177564;153974;2286
310;Spain;1995;39814570;376793;1562799;2097101;2574951;3247810;6681293;6004584;4925587;4108650;4148255;2722998;1208267;164466;2430
311;Spain;1996;39996476;366276;1535176;2061957;2461922;3148554;6746566;6152547;4996270;4131036;4178443;2812514;1232462;174757;2599
312;Spain;1997;40180050;362649;1502457;2041092;2359812;3032105;6795056;6283853;5097124;4171248;4187345;2904492;1253657;185021;2765
313;Spain;1998;40362356;364731;1476882;2023210;2275612;2901277;6826969;6393560;5195940;4288967;4144798;2996508;1274547;195341;2861
314;Spain;1999;40542230;367608;1468258;1995008;2210017;2766227;6838408;6490576;5303456;4457345;4049817;3091117;1292803;204382;2921
315;Spain;2000;40741652;374658;1477288;1960152;2158525;2638881;6815900;6579695;5448402;4555659;3996759;3181957;1322950;214468;3292
316;Spain;2001;40966450;389986;1506846;1926651;2120185;2518372;6758374;6670301;5607775;4621229;3967749;3261544;1373329;226298;3853
317;Spain;2002;41477652;407947;1563688;1913733;2110053;2431603;6753459;6831795;5781090;4750920;3915165;3334574;1433752;237935;4334
318;Spain;2003;42230268;421644;1633027;1927954;2116103;2382694;6783652;7040282;5981716;4869682;3906751;3409869;1495349;247279;4667
319;Spain;2004;42959670;437034;1697036;1959112;2107279;2347245;6763325;7231603;6213101;4958542;3939803;3475325;1557006;256270;4893
320;Spain;2005;43685372;455067;1757461;2009578;2092711;2320151;6705229;7429017;6449166;5046761;3995776;3527669;1620783;264797;5185
321;Spain;2006;44422824;467586;1815752;2075912;2085880;2306203;6612579;7635826;6665391;5156805;4047537;3577597;1689987;272498;5529
322;Spain;2007;45245784;481878;1879240;2147322;2088565;2311507;6530408;7848766;6877393;5302222;4113198;3608844;1762779;280759;5985
323;Spain;2008;45966544;494164;1934587;2218820;2098569;2311489;6408414;8020937;7060286;5437044;4248010;3590557;1835796;288894;6422
324;Spain;2009;46367772;509486;1979284;2280839;2117536;2283829;6186801;8091288;7194398;5560336;4427638;3521444;1912477;298284;6867
325;Spain;2010;46572776;507857;2008570;2327193;2148855;2246184;5925373;8077528;7300065;5714448;4531792;3494281;1988634;313419;7440
326;Spain;2011;46729230;489241;2007714;2372783;2184893;2213712;5682072;8009271;7403031;5879916;4601542;3491705;2059101;335636;8045
327;Spain;2012;46756084;479589;1985238;2419139;2214543;2182460;5456596;7861179;7489532;6019635;4715432;3455471;2124304;359494;8604
328;Spain;2013;46603460;464325;1932621;2459490;2247203;2153030;5233671;7625410;7535302;6145627;4795253;3450959;2190556;386029;9211
329;Spain;2014;46464548;439754;1863012;2481419;2287864;2146864;5041833;7354342;7564211;6299324;4842343;3482136;2251681;413942;9899
330;Spain;2015;46431344;428010;1806835;2480780;2326675;2169387;4902241;7084607;7608732;6461048;4890903;3530961;2297783;438148;10306
331;Spain;2016;46473320;426527;1762093;2467915;2370637;2204242;4812252;6814415;7670512;6605744;4962158;3574892;2341653;461607;10540
332;Spain;2017;46584170;419659;1727245;2441311;2422106;2243353;4776735;6555285;7721928;6737000;5063940;3627585;2370010;485558;10873
333;Spain;2018;46792044;407152;1704630;2390458;2477017;2297933;4793574;6334719;7768231;6855280;5166889;3741823;2357782;510132;11290
334;Spain;2019;47131372;388452;1673771;2343587;2520371;2366016;4855221;6170821;7814872;6974125;5282258;3901456;2312769;538159;11972
335;Spain;2020;47363810;370877;1618652;2312418;2536784;2419101;4910781;6022793;7824977;7082123;5429283;3990650;2293694;559258;12826
336;Spain;2021;47486932;353957;1545835;2270610;2531357;2467017;4953692;5885297;7792258;7183384;5577247;4043746;2294061;577353;13938
337;Syria;1980;8898957;357156;1356020;1443044;1192235;939513;1311960;815005;615762;444571;245635;126268;35577;2589;18
338;Syria;1981;9203642;366053;1397272;1490721;1242580;976787;1363677;844820;625073;463144;253734;129003;36196;2583;18
339;Syria;1982;9510755;372889;1432438;1540856;1291997;1020373;1417672;876675;634135;479345;262467;131276;36604;2563;17
340;Syria;1983;9835461;379815;1464639;1593609;1340833;1069220;1476005;912641;644521;494480;272717;133976;37131;2564;17
341;Syria;1984;10183141;389611;1498930;1647776;1388546;1121409;1539977;953620;656589;509808;285019;137547;37984;2610;18
342;Syria;1985;10540930;399997;1534694;1700798;1435187;1175194;1607693;997837;670600;524170;298491;141214;38923;2693;18
343;Syria;1986;10907622;410289;1573075;1750441;1483324;1228141;1679686;1044212;687656;537326;312960;144865;39921;2807;18
344;Syria;1987;11281108;420209;1613726;1795948;1534666;1278914;1756445;1091015;709316;549367;328286;148707;41025;2937;18
345;Syria;1988;11657770;427900;1652247;1840194;1588301;1328179;1837890;1135107;738453;560459;344154;152938;42220;3059;18
346;Syria;1989;12034101;431866;1684322;1885213;1642446;1375903;1924440;1181590;769975;570836;360238;157785;43486;3167;18
347;Syria;1990;12409003;432163;1706403;1931525;1695384;1422562;2016357;1233986;800269;580714;376117;163327;44816;3265;18
348;Syria;1991;12782284;431895;1718328;1980039;1744970;1470745;2112033;1288870;832360;590594;391532;169775;46199;3352;18
349;Syria;1992;13156408;431254;1721956;2028597;1790443;1522196;2210168;1346409;866244;601120;406433;177163;47587;3432;18
350;Syria;1993;13537067;432571;1722939;2071321;1834633;1575882;2309714;1406879;902675;612228;420645;185255;48943;3516;19
351;Syria;1994;13922629;440437;1731405;2103823;1879508;1629088;2407285;1470300;942989;623683;433868;193944;50257;3603;20
352;Syria;1995;14313451;450978;1750707;2125793;1925630;1681213;2505129;1536727;986020;636900;446177;203295;51563;3701;21
353;Syria;1996;14708883;458827;1778543;2137325;1973898;1730634;2604981;1606723;1030368;653040;457579;213248;52880;3813;22
354;Syria;1997;15104000;464187;1810354;2142461;2022129;1775563;2704557;1681442;1074913;673307;467946;223554;54236;3933;23
355;Syria;1998;15500556;468045;1838124;2151449;2064493;1819139;2804151;1760675;1116589;700556;477364;234011;55722;4056;24
356;Syria;1999;15901207;472752;1860051;2170645;2096788;1863381;2902148;1844727;1160396;730007;486107;244501;57476;4176;25
357;Syria;2000;16307659;479392;1880770;2197979;2118629;1908947;2997738;1933947;1209915;758415;494588;254994;59639;4307;27
358;Syria;2001;16727949;486425;1903141;2231410;2130104;1956934;3091803;2026888;1262030;788889;503504;265625;62401;4458;27
359;Syria;2002;17164026;499423;1934616;2267455;2135385;2005219;3185523;2122039;1316878;821383;513377;276324;65724;4627;28
360;Syria;2003;17611356;514162;1976101;2300362;2144643;2047892;3280962;2218497;1374696;856462;524021;286886;69473;4810;29
361;Syria;2004;18084010;525390;2022471;2329683;2164410;2083145;3385847;2317847;1435810;895276;535411;297054;73532;5003;31
362;Syria;2005;18583556;537519;2074161;2358536;2192566;2109885;3499602;2420465;1501058;937317;548580;306726;77851;5199;32
363;Syria;2006;19432012;555205;2140361;2404014;2235372;2161808;3740156;2602079;1604650;995469;570795;319179;82837;5437;34
364;Syria;2007;20703000;578822;2224147;2472426;2289271;2241996;4125221;2882544;1756016;1071768;604879;335033;88739;5738;36
365;Syria;2008;21474060;606708;2301559;2536337;2323783;2249570;4293780;3052746;1864799;1125350;636463;345835;94826;6082;39
366;Syria;2009;21827222;638503;2382607;2595873;2345824;2217951;4283387;3128423;1938617;1163932;662701;352621;100757;6485;42
367;Syria;2010;22337558;645985;2463005;2666019;2375572;2222941;4320722;3239436;2034322;1214648;691113;360846;106681;6966;47
368;Syria;2011;22730734;631780;2511393;2733834;2411718;2228960;4302820;3324569;2123777;1263208;719161;368143;112322;7512;51
369;Syria;2012;22605582;612250;2499525;2795333;2447138;2192667;4087911;3292793;2164708;1291803;737975;370027;116737;8064;54
370;Syria;2013;21495830;575885;2392193;2847806;2467376;2069459;3516635;3033799;2106836;1279795;738691;361911;119079;8572;58
371;Syria;2014;20072232;525223;2234303;2878496;2491784;1953523;2864622;2692219;2012078;1254794;734945;350943;119600;9037;60
372;Syria;2015;19205178;456761;2061291;2887543;2540136;1943299;2470253;2462163;1965154;1253974;743190;346690;119355;9484;62
373;Syria;2016;18964252;393452;1875441;2879964;2600516;2029695;2356227;2360500;1974384;1281399;764376;350685;119191;9995;65
374;Syria;2017;18983370;357255;1691002;2837032;2667575;2150188;2377766;2302936;2004840;1322916;791101;360973;119510;10625;68
375;Syria;2018;19333464;347371;1541293;2745175;2755707;2296219;2562808;2305785;2064079;1381444;822441;379911;120559;11292;71
376;Syria;2019;20098252;352693;1462116;2610430;2839466;2465941;2942857;2392515;2160497;1460861;862648;403825;122270;11909;75
377;Syria;2020;20772602;367180;1445608;2440118;2884035;2595242;3313306;2453177;2243853;1540353;904338;425247;124372;12507;83
378;Syria;2021;21324366;392666;1478823;2255774;2893826;2682567;3658750;2485554;2310456;1616374;943995;445239;126333;12963;90
379;Turkey;1980;44089068;1315561;5065272;5787919;5468801;4723645;7166916;4995549;3757743;2716089;1693015;939923;338022;55787;632
380;Turkey;1981;44981876;1322810;5121000;5892634;5529564;4880919;7361289;5123878;3824861;2789481;1735225;953543;337284;53745;616
381;Turkey;1982;45949990;1324826;5164905;5990716;5629764;5016102;7648141;5219268;3899107;2865033;1781386;968685;339442;51775;676
382;Turkey;1983;47026424;1326283;5207785;6079840;5647676;5225360;7906660;5445811;3983731;2944330;1832231;985830;344131;50377;807
383;Turkey;1984;48106772;1325901;5226663;6178892;5658073;5392205;8142596;5753299;4067319;3023024;1886197;1004175;350314;49238;952
384;Turkey;1985;49175680;1330532;5240486;6276923;5765303;5444076;8452316;5993136;4153436;3100848;1943495;1023838;357406;48350;1081
385;Turkey;1986;50223890;1334434;5254072;6347393;5873375;5509007;8749696;6223362;4251049;3178137;2004300;1045109;364932;47858;1187
386;Turkey;1987;51250156;1336610;5267783;6401280;5972974;5607639;9016976;6436576;4362221;3255337;2068216;1068417;372388;47711;1266
387;Turkey;1988;52275892;1336771;5282281;6447909;6061409;5622081;9392455;6618705;4491973;3333641;2134576;1094103;379590;47879;1313
388;Turkey;1989;53305236;1336547;5292258;6475258;6159857;5630540;9774651;6782390;4648923;3413233;2202685;1122518;386276;48303;1331
389;Turkey;1990;54324140;1338427;5300235;6497018;6257514;5736538;10026127;6971939;4817955;3493071;2271807;1153314;392619;48934;1324
390;Turkey;1991;55321172;1329771;5296639;6517111;6327729;5842718;10255821;7210944;4971710;3572212;2341551;1186077;399392;49831;1306
391;Turkey;1992;56302040;1324579;5287293;6535479;6381718;5940341;10484474;7510345;5077087;3651666;2411411;1220875;406653;50992;1290
392;Turkey;1993;57296010;1321379;5275502;6554185;6428902;6028871;10694310;7743961;5288343;3731624;2481257;1257851;414405;52384;1290
393;Turkey;1994;58310244;1324227;5264892;6570153;6456860;6128039;10858919;7956377;5578342;3810509;2551110;1297193;422727;53937;1295
394;Turkey;1995;59305492;1342303;5279859;6572834;6478451;6223499;10999571;8240210;5801620;3891759;2620977;1338854;431640;55488;1295
395;Turkey;1996;60293784;1353148;5309804;6567268;6498247;6290057;11150317;8514420;6017629;3985032;2691795;1383126;441401;56988;1303
396;Turkey;1997;61277420;1371336;5360788;6557374;6516405;6340153;11325347;8762827;6220167;4092528;2763780;1429762;452149;58237;1315
397;Turkey;1998;62242200;1382720;5420356;6549488;6534328;6383048;11403414;9114276;6391121;4216602;2837161;1478248;463959;59186;1325
398;Turkey;1999;63185620;1376947;5455846;6556416;6548556;6407357;11486297;9469421;6542628;4364879;2911530;1527725;476839;59814;1339
399;Turkey;2000;64113548;1365665;5469911;6582579;6550306;6428183;11671180;9697063;6719741;4524623;2986837;1578583;490864;60307;1359
400;Turkey;2001;65072016;1342499;5444175;6633105;6545541;6451207;11843241;9914755;6950776;4672273;3063554;1631312;506069;61002;1389
401;Turkey;2002;65988664;1344938;5409027;6698166;6536418;6471581;11991247;10133593;7241463;4773437;3141105;1684879;522148;61815;1425
402;Turkey;2003;66867324;1315050;5349987;6756171;6530316;6494765;12134223;10335389;7468599;4976354;3219477;1739643;539380;62934;1468
403;Turkey;2004;67785080;1253045;5240956;6787032;6541054;6519627;12289460;10503261;7680169;5256318;3297865;1796022;558052;64431;1524
404;Turkey;2005;68704710;1244255;5145269;6783904;6570255;6528547;12435744;10656698;7966183;5473647;3379783;1853985;577990;66113;1575
405;Turkey;2006;69601330;1259901;5060886;6764218;6621521;6524154;12540662;10821951;8244614;5685075;3473426;1913770;599045;67886;1609
406;Turkey;2007;70468860;1277298;5022448;6702066;6686995;6512007;12616311;11010064;8497749;5884508;3580090;1975801;621353;69767;1613
407;Turkey;2008;71320730;1283084;5051949;6581910;6744868;6501912;12680737;11104676;8854051;6055709;3701279;2040299;644850;71850;1600
408;Turkey;2009;72225650;1281093;5090643;6464011;6775918;6514814;12743904;11218103;9220981;6213192;3845217;2107678;669719;74329;1593
409;Turkey;2010;73195350;1282804;5117470;6386079;6774676;6554313;12814920;11445608;9468292;6398092;4000117;2177218;696054;77103;1609
410;Turkey;2011;74173860;1281523;5125048;6323571;6757654;6616790;12882268;11656955;9703174;6631716;4140564;2245956;721884;79510;1633
411;Turkey;2012;75277440;1286594;5133701;6300311;6701634;6704077;12984837;11875706;9954028;6926970;4240076;2317705;749896;82417;1700
412;Turkey;2013;76576120;1306172;5166718;6342471;6591646;6796744;13147655;12120162;10201483;7171309;4438586;2395820;783635;86709;1851
413;Turkey;2014;78112060;1335971;5231081;6401693;6486983;6875305;13394371;12410577;10428331;7409640;4710952;2477209;821343;92023;2079
414;Turkey;2015;79646180;1374839;5330101;6445025;6418859;6905884;13629735;12700142;10645409;7719117;4924802;2561465;860125;97115;2301
415;Turkey;2016;81019400;1408332;5448982;6471719;6361854;6894141;13807781;12934619;10871047;8018941;5131531;2653728;898922;101430;2436
416;Turkey;2017;82089820;1420603;5551030;6501245;6335327;6805732;13872165;13090981;11101707;8286046;5325014;2754817;938769;105157;2447
417;Turkey;2018;82809304;1413517;5611085;6547138;6364397;6630857;13797611;13167847;11215010;8642879;5492184;2865708;981508;109062;2361
418;Turkey;2019;83481690;1376191;5602889;6622399;6407988;6472751;13704219;13219821;11336815;9006149;5649349;2994017;1028043;114204;2285
419;Turkey;2020;84135430;1316729;5510874;6727744;6438259;6375693;13621960;13265674;11561186;9244328;5818546;3115224;1063289;117916;2215
420;Turkey;2021;84775410;1269675;5364555;6839954;6455949;6310658;13571382;13310585;11770743;9467551;6020017;3209631;1087145;119841;2151
421;United Kingdom;1980;56326330;699521;2683528;3889824;4535641;4670585;8021287;7641778;6321539;6587258;5668958;4052360;1360278;157591;2376
422;United Kingdom;1981;56395850;731601;2743516;3697128;4459238;4708127;8146403;7765059;6291377;6454992;5726421;4102081;1403492;163179;2554
423;United Kingdom;1982;56450132;730747;2820302;3521712;4366561;4708466;8300221;7854681;6297868;6342395;5756027;4144519;1447410;168725;2725
424;United Kingdom;1983;56501616;717448;2876014;3410191;4232656;4679512;8461740;7902494;6368316;6248888;5750674;4184435;1492763;174053;2865
425;United Kingdom;1984;56568252;716211;2893553;3379050;4074063;4616611;8633821;7923053;6476540;6171707;5729110;4220577;1543467;180422;3019
426;United Kingdom;1985;56643040;722606;2886447;3413484;3901039;4531591;8810830;7930718;6588796;6111764;5713704;4235437;1592844;186574;3175
427;United Kingdom;1986;56721910;736013;2893842;3474079;3712439;4452133;8956368;7906375;6740686;6067586;5723177;4212985;1638946;192520;3337
428;United Kingdom;1987;56826320;746628;2924444;3539480;3538807;4357105;9060128;7831331;6962128;6043611;5765220;4150646;1690978;200586;3566
429;United Kingdom;1988;56952650;757120;2966318;3596375;3426813;4221339;9130837;7774372;7179577;6038728;5823255;4064087;1744251;210500;3815
430;United Kingdom;1989;57076096;770778;3014497;3623366;3394025;4060088;9167947;7787521;7346646;6037918;5838630;4017401;1790019;219927;3980
431;United Kingdom;1990;57210444;772289;3049575;3633392;3424540;3884694;9162938;7860753;7492656;6026593;5774175;4054672;1833081;230183;4173
432;United Kingdom;1991;57359452;777058;3078408;3653729;3480217;3694471;9121365;7985027;7625890;6011160;5679729;4125135;1872908;242327;4444
433;United Kingdom;1992;57509240;782699;3102710;3694008;3542240;3519176;9032086;8140077;7726314;6031580;5601968;4172512;1909473;255812;4732
434;United Kingdom;1993;57647464;774564;3105892;3746482;3597854;3405401;8879465;8306053;7785965;6113226;5539638;4190114;1941953;267975;4950
435;United Kingdom;1994;57785900;760456;3093794;3792175;3626710;3370778;8675253;8484966;7818647;6231584;5492156;4195365;1971479;279891;5174
436;United Kingdom;1995;57930364;746034;3062772;3828433;3642349;3398944;8441583;8672184;7838402;6354303;5461674;4205807;1992516;292259;5425
437;United Kingdom;1996;58078584;732096;3012492;3861379;3669294;3453178;8204636;8834976;7827634;6513187;5445328;4230757;1991246;303549;5643
438;United Kingdom;1997;58250190;724027;2962918;3877872;3714268;3517507;7975851;8962642;7768423;6736905;5447270;4276231;1966449;315822;5899
439;United Kingdom;1998;58438320;721161;2925333;3868726;3769975;3580515;7777512;9062308;7725204;6955891;5464833;4329214;1930359;327699;6173
440;United Kingdom;1999;58635204;713800;2895293;3845640;3818624;3621763;7642891;9135603;7747709;7123688;5482513;4355677;1919911;337610;6426
441;United Kingdom;2000;58850044;701406;2867061;3806218;3858461;3653770;7568390;9177260;7827029;7266472;5487472;4338297;1961359;347729;6726
442;United Kingdom;2001;59092016;683732;2828963;3755422;3896806;3697089;7514988;9194299;7954919;7394150;5486297;4305066;2028601;359098;7154
443;United Kingdom;2002;59355690;669229;2778966;3711987;3920268;3755158;7491263;9175094;8113244;7490026;5514396;4280021;2083435;369110;7582
444;United Kingdom;2003;59649800;665186;2731783;3676530;3918838;3821513;7526963;9102338;8283607;7546046;5595432;4263726;2119476;377265;7911
445;United Kingdom;2004;59995852;678429;2709501;3642402;3903656;3879907;7615454;8986079;8467225;7576121;5709091;4259794;2151280;386252;8239
446;United Kingdom;2005;60383740;701122;2726883;3602521;3871464;3929707;7749688;8843879;8660420;7595125;5827072;4271090;2188694;394610;8636
447;United Kingdom;2006;60803700;714900;2772500;3553006;3827807;3978939;7911237;8696614;8832326;7587130;5980265;4294394;2232911;398567;9114
448;United Kingdom;2007;61260680;730572;2838945;3499845;3791954;4013220;8087163;8552286;8972067;7535906;6195483;4331190;2283002;396843;9665
449;United Kingdom;2008;61742150;755154;2918474;3465243;3763212;4021951;8259432;8429967;9085854;7503238;6406668;4377581;2331788;392812;10142
450;United Kingdom;2009;62243384;777943;2999516;3464050;3734109;4016210;8387912;8360935;9175480;7536018;6572035;4423588;2376629;400178;10633
451;United Kingdom;2010;62760050;788396;3076568;3495246;3697125;3992655;8478571;8340283;9235830;7625257;6717294;4458261;2412137;425294;11201
452;United Kingdom;2011;63286360;797035;3145051;3560074;3647432;3957383;8561714;8324827;9270880;7764181;6850290;4486546;2441878;459784;11847
453;United Kingdom;2012;63808730;807839;3199209;3657070;3591834;3929176;8635594;8317816;9265469;7935373;6955841;4539924;2471096;488753;12476
454;United Kingdom;2013;64302296;812960;3236017;3766100;3553652;3906399;8689865;8347636;9202326;8118499;7027046;4638292;2497924;507680;12995
455;United Kingdom;2014;64773504;802011;3252099;3863853;3548713;3880473;8723516;8409067;9092219;8313159;7076190;4763956;2529654;524699;13557
456;United Kingdom;2015;65224370;786558;3244388;3954534;3578011;3842484;8734403;8498726;8952128;8515375;7115298;4890124;2565017;538418;13841
457;United Kingdom;2016;65655204;785503;3223825;4038368;3643285;3788064;8735921;8603661;8802138;8694587;7128274;5047165;2603982;550699;13830
458;United Kingdom;2017;66064810;784913;3195966;4102579;3741838;3725727;8731452;8715628;8650501;8840410;7100917;5261503;2651326;563918;13645
459;United Kingdom;2018;66432996;772559;3165249;4133614;3852359;3679368;8706525;8822448;8516810;8958777;7090638;5470232;2702100;575501;13543
460;United Kingdom;2019;66778660;748729;3125233;4138185;3950854;3666429;8661245;8890551;8433421;9051662;7139774;5636186;2753307;595244;14764
461;United Kingdom;2020;67059470;724488;3062056;4130313;4041200;3689876;8583263;8928713;8396630;9110941;7234399;5770255;2781349;617779;17493
462;United Kingdom;2021;67281040;697700;2972601;4106834;4124157;3751467;8472832;8968413;8365010;9139108;7368672;5878974;2795296;637794;20827
463;United States;1980;223140020;3217778;12565007;16194639;17925580;20682396;40512080;30375500;23168652;23239924;18576292;11382592;4394189;648927;14148
464;United States;1981;225654000;3306488;12891129;15836433;17895312;20224292;41240470;31729492;23264312;23292354;18800290;11756461;4490117;683799;15550
465;United States;1982;228001420;3372497;13217491;15687410;17800396;19697080;41561348;33246580;23569340;23296138;18908916;12082427;4627432;718475;17136
466;United States;1983;230389970;3393569;13492139;15810109;17552908;19249316;42063068;34258820;24186976;23043378;19271144;12362019;4771729;747167;18735
467;United States;1984;232766290;3388385;13676985;16055495;17247788;18891100;42337890;35450732;24843648;22779548;19626364;12637003;4865145;779300;20252
468;United States;1985;235146180;3405055;13769269;16392351;16870176;18720180;42374812;36860364;25476836;22697114;19721792;12830182;4992811;819447;21677
469;United States;1986;237512780;3474907;13851990;16780540;16485714;18703664;42142760;38035176;26326164;22602072;19901144;13033704;5120537;855520;22989
470;United States;1987;239853170;3544934;13988315;17126676;16339315;18630072;41707156;38834424;27527320;22455084;20167860;13231182;5256426;885945;24195
471;United States;1988;242287800;3576427;14182239;17383612;16461999;18452124;41195940;39643010;28741260;22393180;20407922;13347367;5411558;919522;25639
472;United States;1989;244954100;3626535;14415960;17549658;16744466;18215848;40722160;40735850;29675584;22321812;20636996;13579651;5570398;943170;27515
473;United States;1990;248083730;3741209;14685606;17715040;17162600;17895668;40400160;42111410;30404008;22327488;20796212;13922484;5749126;969249;29387
474;United States;1991;251560200;3870396;14995389;17914008;17665856;17534976;40150570;42950356;31793146;22498044;20906372;14186788;5961632;999351;31009
475;United States;1992;255175330;3945472;15350935;18150758;18143646;17420970;39827750;43470532;33395926;22848744;20968708;14382394;6176434;1043686;32362
476;United States;1993;258779760;3942584;15675407;18454890;18532328;17618960;39368216;44163436;34513030;23508076;20815814;14754809;6351315;1087282;33205
477;United States;1994;262273580;3890458;15847034;18838780;18803510;17990240;38863868;44606624;35820652;24221440;20684736;15093291;6513670;1109363;34406
478;United States;1995;265660560;3841091;15836211;19271336;19008552;18470384;38473190;44791550;37345176;24906898;20725560;15202760;6642495;1145613;36285
479;United States;1996;268984350;3808177;15709363;19712554;19222596;18985480;38285390;44699948;38622932;25833022;20759146;15395213;6762136;1179008;37745
480;United States;1997;272395420;3791941;15575341;20138452;19478246;19451956;38337656;44447730;39536976;27128778;20723080;15682366;6867773;1211332;38520
481;United States;1998;275835000;3796366;15496713;20465346;19794312;19804032;38515880;44128270;40483264;28429898;20753052;15943886;6934108;1251216;39538
482;United States;1999;279181570;3813304;15468243;20616078;20177004;20034304;38728190;43808144;41696790;29462322;20776098;16193498;7066651;1280704;39617
483;United States;2000;282398560;3841608;15450763;20554550;20583076;20203428;38936810;43544296;43067164;30301492;20855506;16374638;7265489;1305598;39100
484;United States;2001;285470500;3915387;15480378;20330080;20952822;20381380;39147560;43290460;43778588;31722276;21066442;16498368;7441442;1341815;38781
485;United States;2002;288350240;3991543;15610588;20058018;21270452;20608240;39434132;42946364;44130080;33289272;21406816;16588943;7569309;1380659;39370
486;United States;2003;291109820;4001330;15779202;19826100;21481408;20877036;39811770;42436908;44671040;34400148;22007336;16525790;7820219;1408753;39886
487;United States;2004;293947870;4000209;15936786;19672812;21531404;21189852;40259944;41851690;45034696;35718084;22675220;16463900;8087803;1440339;39483
488;United States;2005;296842660;4017136;16046676;19641488;21432848;21534920;40774916;41353670;45196736;37212956;23345934;16515330;8215511;1470417;40265
489;United States;2006;299753100;4027615;16095876;19746692;21261834;21854152;41336692;41041060;45104730;38414204;24246760;16588600;8416678;1501117;41053
490;United States;2007;302743400;4062703;16172834;19932880;21088760;22133700;41859616;40920652;44853040;39256320;25467232;16625662;8695265;1538121;42209
491;United States;2008;305694900;4108783.2;16294588;20155756;20962806;22314504;42280590;40887704;44546960;40124400;26717958;16719075;8937549;1568468;43857
492;United States;2009;308512030;4089610;16377706;20379804;20908244;22337042;42617108;40871932;44249496;41240964;27747180;16828928;9218824;1631472;45717
493;United States;2010;311182850;4023655;16375220;20527756;20920994;22198476;43001750;40846092;43983650;42513170;28564366;17000308;9475738;1728791;48173
494;United States;2011;313876600;3996183;16338435;20665356;20977598;21941708;43550480;40891540;43743180;43172950;29861124;17250614;9618576;1824251;51001
495;United States;2012;316651330;4000616;16283519;20883478;21043360;21677404;44164496;41153916;43463452;43507252;31255806;17576484;9695520;1905395;54206
496;United States;2013;319375170;3996242;16200342;21089836;21128164;21498516;44687680;41595356;43033948;44023908;32248432;18105848;9704284;2023993;56990
497;United States;2014;322033950;3989028;16134503;21207068;21227324;21415550;45069916;42092772;42535348;44364064;33445044;18663918;9711051;2126594;59779
498;United States;2015;324607780;3996151;16106017;21236796;21307804;21442032;45283476;42658324;42127540;44495910;34816530;19188100;9743962;2148975;62841
499;United States;2016;327210200;4010290;16120619;21178198;21459942;21540872;45386444;43328236;41894604;44406640;35887990;19973256;9807999;2175584;68618
500;United States;2017;329791230;4001939;16149805;21021816;21727004;21648568;45442850;43997944;41849910;44189810;36615508;21058776;9870434;2198528;74132
501;United States;2018;332140030;3959661;16136498;20824568;21965044;21769562;45411656;44593664;41885420;43926260;37408200;22114840;9968600;2175199;75558
502;United States;2019;334319680;3891189;16027104;20697076;22092168;21895120;45278736;45139104;41938816;43693936;38441936;22961404;10096043;2157823;78955
503;United States;2020;335942000;3825718;15797921;20626942;22032766;21964938;45113500;45581348;41924790;43489470;39581588;23576836;10227970;2209593;84569
504;United States;2021;336997630;3734666;15475148;20549332;21764846;22044984;44924330;45928188;41901384;43182440;40098816;24621928;10395926;2331305;89739
505;Yemen;1980;9204941;397175;1433215;1409778;1128651;894139;1291519;974511;693989;473147;292801;133431;29905;1546;1
506;Yemen;1981;9529117;416894;1502333;1472186;1177343;930934;1331472;986427;710860;483738;299650;136872;30750;1572;2
507;Yemen;1982;9872295;434474;1574260;1538547;1227753;971446;1375347;999629;727903;494923;306699;140432;31608;1600;2
508;Yemen;1983;10237395;452630;1649541;1609543;1280000;1015290;1423311;1014492;745474;506814;314065;144194;32519;1636;2
509;Yemen;1984;10625686;472003;1726647;1688004;1334801;1060907;1476841;1031038;764264;519419;321859;148218;33517;1688;2
510;Yemen;1985;11036921;490846;1802908;1773318;1393477;1108363;1536900;1049136;784681;532628;329997;152423;34593;1760;1
511;Yemen;1986;11465449;509974;1880366;1862369;1456155;1157557;1601269;1067065;806382;546312;338187;156652;35707;1850;1
512;Yemen;1987;11915564;529591;1958843;1955088;1522962;1208743;1672120;1086464;829509;561300;346699;161051;36886;1953;2
513;Yemen;1988;12387243;548530;2036408;2051945;1594256;1261741;1748613;1111102;851349;577626;355730;165754;38152;2045;2
514;Yemen;1989;12872367;567588;2113765;2149323;1672638;1316470;1827171;1141236;870461;594194;364997;170585;39453;2124;3
515;Yemen;1990;13375127;585611;2189881;2245697;1757792;1375028;1910062;1178555;886900;611125;374589;175562;40789;2205;3
516;Yemen;1991;13895858;603168;2263911;2343304;1846624;1437575;1997829;1222248;901582;628454;384596;180688;42177;2291;3
517;Yemen;1992;14433772;621240;2336975;2440929;1939032;1504188;2090815;1269522;917385;645907;395095;185950;43610;2375;3
518;Yemen;1993;14988045;638969;2408589;2537789;2035619;1575330;2188453;1320231;934488;663715;406120;191382;45095;2466;3
519;Yemen;1994;15553180;656034;2479149;2633432;2132804;1653551;2289411;1375246;952549;682269;417505;196934;46621;2560;3
520;Yemen;1995;16103338;668486;2543947;2726680;2228449;1736191;2387564;1430513;969271;701112;428855;202462;48090;2603;3
521;Yemen;1996;16614329;674973;2596467;2817285;2324625;1819613;2480070;1483564;983118;720253;440308;207889;49475;2593;3
522;Yemen;1997;17108686;667314;2624008;2906064;2420754;1906558;2574370;1538669;996312;739878;452518;213403;50883;2602;3
523;Yemen;1998;17608138;662046;2630372;2992437;2516149;1998681;2674583;1596745;1013185;757547;465454;219088;52363;2639;3
524;Yemen;1999;18114552;669162;2632366;3073175;2610250;2092204;2783960;1656515;1035185;772629;478586;224955;53914;2692;2
525;Yemen;2000;18628704;679307;2638451;3143573;2702387;2185278;2903575;1718189;1062807;784787;491935;231093;55551;2751;3
526;Yemen;2001;19143456;690464;2663222;3189618;2792604;2279805;3030560;1782052;1095111;794832;505520;237549;57265;2815;3
527;Yemen;2002;19660662;695744;2698327;3214118;2881241;2374432;3165145;1848439;1129393;805408;519124;244400;59070;2890;3
528;Yemen;2003;20188800;702946;2733509;3229956;2967524;2468292;3308835;1917042;1165496;816654;532925;251647;60966;2973;2
529;Yemen;2004;20733406;718139;2773843;3244452;3048344;2561283;3462314;1987808;1204639;828440;547327;259196;62959;3069;2
530;Yemen;2005;21320676;736046;2821854;3264639;3119604;2655681;3634213;2068861;1250138;841615;563108;267232;65175;3236;2
531;Yemen;2006;21966304;752928;2882340;3298726;3167554;2752223;3828366;2164513;1303497;856386;580961;276116;67675;3493;1
532;Yemen;2007;22641538;772895;2955140;3345785;3194182;2847356;4032969;2269535;1362623;872258;600039;285894;70323;3764;1
533;Yemen;2008;23329008;790710;3029528;3401340;3212057;2938521;4241763;2381831;1425397;891868;617603;296282;73047;4014;1
534;Yemen;2009;24029594;805344;3099961;3464648;3228630;3022902;4450430;2505222;1490903;916633;633013;306836;75853;4277;2
535;Yemen;2010;24743944;820197;3168083;3533104;3250335;3096188;4656477;2641476;1559702;947052;645900;317473;78729;4561;3
536;Yemen;2011;25475608;834845;3230648;3615284;3285033;3145008;4862103;2788660;1632669;982537;657144;328281;81728;4846;4
537;Yemen;2012;26223390;851488;3291611;3706913;3332329;3172247;5065454;2946923;1710266;1020702;669091;339077;84870;5125;5
538;Yemen;2013;26984008;868404;3354482;3796657;3387987;3190554;5263492;3116829;1791951;1061298;681807;349939;88114;5389;6
539;Yemen;2014;27753310;884880;3418688;3882070;3451208;3206957;5450881;3296531;1876608;1105059;695083;361125;91400;5638;7
540;Yemen;2015;28516552;900869;3483512;3963917;3519200;3227017;5618034;3481412;1964799;1151885;708244;372497;94591;5856;7
541;Yemen;2016;29274010;913967;3544488;4041369;3600556;3259231;5752887;3670822;2057788;1201992;721156;384511;97839;6064;8
542;Yemen;2017;30034386;923612;3598706;4117211;3691279;3304409;5862849;3864944;2156846;1256175;734665;397203;101340;6284;8
543;Yemen;2018;30790514;930540;3643593;4194048;3779969;3357767;5957212;4060882;2261942;1313126;750973;408348;104938;6509;8
544;Yemen;2019;31546694;939023;3681008;4271597;3864228;3418962;6042447;4254819;2376892;1372097;771287;417505;108440;6742;9
545;Yemen;2020;32284044;948294;3714538;4347478;3944882;3483841;6116834;4441041;2501479;1432099;794033;422627;110676;6800;9
546;Yemen;2021;32981644;954753;3744180;4415672;4020745;3559669;6170019;4617695;2631620;1492683;817742;423662;111419;6651;8
